{
  "version": "3.55.25975.0",
  "course_id": "6oVIKzVb156_course_id",
  "title": "OC - New Order",
  "thumbnail": "story_content/thumbnail.jpg",
  "scenes": [
    {
      "title": "No Correct Feedback"
    }
  ],
  "slides": [
    {
      "id": "61MbHyoBBxS",
      "title": "Double-Click myAvatar 2020",
      "scene_index": "1.1"
    },
    {
      "id": "6kaixHXPod9",
      "title": "Click myAvatar 2020",
      "scene_index": "1.2"
    },
    {
      "id": "5akHPIzzv9F",
      "title": "Click myAvatar 2020",
      "scene_index": "1.3"
    },
    {
      "id": "649vKeCmiuu",
      "title": "Click the check box",
      "scene_index": "1.4"
    },
    {
      "id": "5tq6MPXm7Lz",
      "title": "Click the Click to proceed link",
      "scene_index": "1.5"
    },
    {
      "id": "5dNWVKt2PAU",
      "title": "Type peni",
      "scene_index": "1.6"
    },
    {
      "id": "5hhgmvJryTb",
      "title": "Click the SEARCH button",
      "scene_index": "1.7"
    },
    {
      "id": "6F1PhpRvV5r",
      "title": "Click the Penicillin link",
      "scene_index": "1.8"
    },
    {
      "id": "66scui7X3F1",
      "title": "Click the Custom Orders link",
      "scene_index": "1.9"
    },
    {
      "id": "5YgUxkoyUFV",
      "title": "Click the Close button",
      "scene_index": "1.10"
    },
    {
      "id": "5m5xS9hOqV8",
      "title": "Click the 250 MG, Tablet, Oral (Penicillin) list item",
      "scene_index": "1.11"
    },
    {
      "id": "6NwAgrMbSlY",
      "title": "Click the text box",
      "scene_index": "1.12"
    },
    {
      "id": "6TrOS6fGoWv",
      "title": "Type 2",
      "scene_index": "1.13"
    },
    {
      "id": "5YDlEGaqjEY",
      "title": "Click the Close button",
      "scene_index": "1.14"
    },
    {
      "id": "6Rr8hyBinTa",
      "title": "Click the BIDw/Meals list item",
      "scene_index": "1.15"
    },
    {
      "id": "6nghj8InPAL",
      "title": "Type 14",
      "scene_index": "1.16"
    },
    {
      "id": "66hGwAeoc4I",
      "title": "Click the Calc button",
      "scene_index": "1.17"
    },
    {
      "id": "6mJffcllA3j",
      "title": "Click the Close button",
      "scene_index": "1.18"
    },
    {
      "id": "65VHpdqhRJT",
      "title": "Click the Side Effects list item",
      "scene_index": "1.19"
    },
    {
      "id": "5rwq7pb5sXv",
      "title": "Click the Submit Order link",
      "scene_index": "1.20"
    },
    {
      "id": "6cHImC8GEAZ",
      "title": "Click the Change button",
      "scene_index": "1.21"
    },
    {
      "id": "5egyLLrw9LY",
      "title": "Click the text box",
      "scene_index": "1.22"
    },
    {
      "id": "62L9HxZEPrW",
      "title": "Type test",
      "scene_index": "1.23"
    },
    {
      "id": "5bDjneAcDER",
      "title": "Click the Search button",
      "scene_index": "1.24"
    },
    {
      "id": "67vdW5qfsnw",
      "title": "Click the select link",
      "scene_index": "1.25"
    },
    {
      "id": "6eibqQhZAqL",
      "title": "Click the OK button",
      "scene_index": "1.26"
    },
    {
      "id": "6IC9Eo6TLIw",
      "title": "Click the check box",
      "scene_index": "1.27"
    },
    {
      "id": "66H65tzZC0I",
      "title": "Click the radio button",
      "scene_index": "1.28"
    },
    {
      "id": "6YOEviVrEKb",
      "title": "Click the Accept button",
      "scene_index": "1.29"
    },
    {
      "id": "6W406KGilOt",
      "title": "Click the Log Off link",
      "scene_index": "1.30"
    },
    {
      "id": "66uMTwzsG7k",
      "title": "Click the Log Off link",
      "scene_index": "1.31"
    }
  ],
  "player": {
    "name": "unified",
    "width": 740,
    "height": 611
  },
  "stage": {
    "width": 720,
    "height": 540
  }
}